{"eval/loss": 0.7957883477210999, "eval/f1": 0.7665033150763909, "eval/f1_macro": 0.488380592239384, "eval/accuracy": 0.7665033150763909, "eval/runtime": 21.3706, "eval/samples_per_second": 162.326, "eval/steps_per_second": 20.308, "train/global_step": 0, "_timestamp": 1660920528.1467307, "_runtime": 0.4243636131286621, "_step": 0, "_wandb": {"runtime": 0}}