{"eval/loss": 0.21156418323516846, "eval/f1": 0.9565217391304348, "eval/f1_macro": 0.8864267554443878, "eval/accuracy": 0.9565217391304348, "eval/runtime": 10.6898, "eval/samples_per_second": 124.791, "eval/steps_per_second": 15.622, "train/global_step": 0, "_timestamp": 1660643275.6395907, "_runtime": 0.4816446304321289, "_step": 0, "_wandb": {"runtime": 22}}