{"eval/loss": 0.897144615650177, "eval/f1": 0.697841726618705, "eval/f1_macro": 0.35302705917335714, "eval/accuracy": 0.697841726618705, "eval/runtime": 1.606, "eval/samples_per_second": 86.548, "eval/steps_per_second": 11.208, "train/global_step": 0, "_timestamp": 1660920740.7297168, "_runtime": 0.4363877773284912, "_step": 0, "_wandb": {"runtime": 0}}