{"eval/loss": 0.9434748291969299, "eval/f1": 0.6690647482014388, "eval/f1_macro": 0.33360954847686547, "eval/accuracy": 0.6690647482014388, "eval/runtime": 1.4448, "eval/samples_per_second": 96.204, "eval/steps_per_second": 12.458, "train/global_step": 0, "_timestamp": 1660612874.230751, "_runtime": 0.39855313301086426, "_step": 0, "_wandb": {"runtime": 21}}