{"eval/loss": 0.897144615650177, "eval/f1": 0.697841726618705, "eval/f1_macro": 0.35302705917335714, "eval/accuracy": 0.697841726618705, "eval/runtime": 1.5376, "eval/samples_per_second": 90.403, "eval/steps_per_second": 11.707, "train/global_step": 0, "_timestamp": 1660921214.1279886, "_runtime": 0.44994568824768066, "_step": 0, "_wandb": {"runtime": 0}}