{"eval/loss": 0.9434748291969299, "eval/f1": 0.6690647482014388, "eval/f1_macro": 0.33360954847686547, "eval/accuracy": 0.6690647482014388, "eval/runtime": 1.281, "eval/samples_per_second": 108.513, "eval/steps_per_second": 14.052, "train/global_step": 0, "_timestamp": 1660612621.7559316, "_runtime": 0.42322659492492676, "_step": 0, "_wandb": {"runtime": 24}}