{"eval/loss": 1.0519567728042603, "eval/f1": 0.6768521187662151, "eval/f1_macro": 0.4154045827260955, "eval/accuracy": 0.6768521187662151, "eval/runtime": 27.3546, "eval/samples_per_second": 126.816, "eval/steps_per_second": 15.866, "train/global_step": 0, "_timestamp": 1660921126.079521, "_runtime": 0.5221889019012451, "_step": 0, "_wandb": {"runtime": 0}}