{"eval/loss": 0.8304768800735474, "eval/f1": 0.756413952147593, "eval/f1_macro": 0.49291338682574065, "eval/accuracy": 0.756413952147593, "eval/runtime": 27.2472, "eval/samples_per_second": 127.316, "eval/steps_per_second": 15.928, "train/global_step": 0, "_timestamp": 1660920272.5213609, "_runtime": 0.6649429798126221, "_step": 0, "_wandb": {"runtime": 32}}