{"eval/loss": 0.14269809424877167, "eval/f1": 0.967016491754123, "eval/f1_macro": 0.9168917962223544, "eval/accuracy": 0.967016491754123, "eval/runtime": 7.9201, "eval/samples_per_second": 168.432, "eval/steps_per_second": 21.086, "train/global_step": 0, "_timestamp": 1660921433.6851697, "_runtime": 0.4187047481536865, "_step": 0, "_wandb": {"runtime": 0}}