{"eval/loss": 0.897144615650177, "eval/f1": 0.697841726618705, "eval/f1_macro": 0.35302705917335714, "eval/accuracy": 0.697841726618705, "eval/runtime": 1.5797, "eval/samples_per_second": 87.991, "eval/steps_per_second": 11.395, "train/global_step": 0, "_timestamp": 1660920812.4144554, "_runtime": 0.4132223129272461, "_step": 0, "_wandb": {"runtime": 0}}