{"eval/loss": 0.897144615650177, "eval/f1": 0.697841726618705, "eval/f1_macro": 0.35302705917335714, "eval/accuracy": 0.697841726618705, "eval/runtime": 1.5742, "eval/samples_per_second": 88.296, "eval/steps_per_second": 11.434, "train/global_step": 0, "_timestamp": 1660921152.0041635, "_runtime": 0.4238395690917969, "_step": 0, "_wandb": {"runtime": 0}}