{"eval/loss": 1.361711859703064, "eval/f1": 0.762589928057554, "eval/f1_macro": 0.6684376417890275, "eval/accuracy": 0.762589928057554, "eval/runtime": 1.0451, "eval/samples_per_second": 132.996, "eval/steps_per_second": 17.223, "train/global_step": 0, "_timestamp": 1660921188.5246508, "_runtime": 0.43236374855041504, "_step": 0, "_wandb": {"runtime": 0}}