{"eval/loss": 0.7957883477210999, "eval/f1": 0.7665033150763909, "eval/f1_macro": 0.488380592239384, "eval/accuracy": 0.7665033150763909, "eval/runtime": 26.7569, "eval/samples_per_second": 129.649, "eval/steps_per_second": 16.22, "train/global_step": 0, "_timestamp": 1660920205.86554, "_runtime": 0.5403449535369873, "_step": 0, "_wandb": {"runtime": 17}}