{"eval/loss": 0.9074758291244507, "eval/f1": 0.6971252566735113, "eval/f1_macro": 0.47076581078594126, "eval/accuracy": 0.6971252566735113, "eval/runtime": 8.0264, "eval/samples_per_second": 121.35, "eval/steps_per_second": 15.2, "train/global_step": 0, "_timestamp": 1660921311.9817624, "_runtime": 0.6286933422088623, "_step": 0, "_wandb": {"runtime": 0}}